block,flat_type,level_str,level_number,unit_id,stack,area_sqm,price,tag,available
95A,2-Room Flexi,#19,19,6752,500,48,268500,MGPS 2+4,False
95A,2-Room Flexi,#19,19,6770,502,48,268500,MGPS 2+4,False
95A,2-Room Flexi,#19,19,6788,514,48,268500,,True
95A,2-Room Flexi,#19,19,6806,516,48,268500,,False
95A,2-Room Flexi,#19,19,6824,518,48,268500,,True
95A,2-Room Flexi,#19,19,6842,520,48,268500,MGPS 2+4,False
95A,2-Room Flexi,#18,18,6751,500,48,268500,,False
95A,2-Room Flexi,#18,18,6769,502,48,268500,,False
95A,2-Room Flexi,#18,18,6787,514,48,268500,,True
95A,2-Room Flexi,#18,18,6805,516,48,268500,,False
95A,2-Room Flexi,#18,18,6823,518,48,268500,,False
95A,2-Room Flexi,#18,18,6841,520,48,268500,,False
95A,2-Room Flexi,#17,17,6750,500,48,267300,MGPS 2+4,False
95A,2-Room Flexi,#17,17,6768,502,48,267300,,False
95A,2-Room Flexi,#17,17,6786,514,48,267300,,True
95A,2-Room Flexi,#17,17,6804,516,48,267300,,True
95A,2-Room Flexi,#17,17,6822,518,48,267300,,False
95A,2-Room Flexi,#17,17,6840,520,48,267300,,False
95A,2-Room Flexi,#16,16,6749,500,48,266100,,True
95A,2-Room Flexi,#16,16,6767,502,48,266100,,True
95A,2-Room Flexi,#16,16,6785,514,48,266100,,True
95A,2-Room Flexi,#16,16,6803,516,48,266100,,False
95A,2-Room Flexi,#16,16,6821,518,48,266100,,False
95A,2-Room Flexi,#16,16,6839,520,48,266100,,True
95A,2-Room Flexi,#15,15,6748,500,48,264900,,True
95A,2-Room Flexi,#15,15,6766,502,48,264900,,True
95A,2-Room Flexi,#15,15,6784,514,48,264900,,True
95A,2-Room Flexi,#15,15,6802,516,48,264900,,True
95A,2-Room Flexi,#15,15,6820,518,48,264900,,True
95A,2-Room Flexi,#15,15,6838,520,48,264900,,True
95A,2-Room Flexi,#14,14,6747,500,48,263700,,True
95A,2-Room Flexi,#14,14,6765,502,48,263700,,True
95A,2-Room Flexi,#14,14,6783,514,48,263700,,True
95A,2-Room Flexi,#14,14,6801,516,48,263700,,True
95A,2-Room Flexi,#14,14,6819,518,48,263700,,True
95A,2-Room Flexi,#14,14,6837,520,48,263700,,True
95A,2-Room Flexi,#13,13,6746,500,48,262500,,True
95A,2-Room Flexi,#13,13,6764,502,48,262500,,False
95A,2-Room Flexi,#13,13,6782,514,48,262500,,True
95A,2-Room Flexi,#13,13,6800,516,48,262500,,True
95A,2-Room Flexi,#13,13,6818,518,48,262500,,True
95A,2-Room Flexi,#13,13,6836,520,48,262500,MGPS 2+4,False
95A,2-Room Flexi,#12,12,6745,500,48,261300,,True
95A,2-Room Flexi,#12,12,6763,502,48,261300,MGPS 2+4,False
95A,2-Room Flexi,#12,12,6781,514,48,261300,,True
95A,2-Room Flexi,#12,12,6799,516,48,261300,,True
95A,2-Room Flexi,#12,12,6817,518,48,261300,,True
95A,2-Room Flexi,#12,12,6835,520,48,261300,,True
95A,2-Room Flexi,#11,11,6744,500,48,260100,,True
95A,2-Room Flexi,#11,11,6762,502,48,260100,,True
95A,2-Room Flexi,#11,11,6780,514,48,260100,,True
95A,2-Room Flexi,#11,11,6798,516,48,260100,,False
95A,2-Room Flexi,#11,11,6816,518,48,260100,MGPS 2+4,False
95A,2-Room Flexi,#11,11,6834,520,48,260100,,True
95A,2-Room Flexi,#10,10,6743,500,48,258900,,True
95A,2-Room Flexi,#10,10,6761,502,48,258900,,True
95A,2-Room Flexi,#10,10,6779,514,48,258900,,True
95A,2-Room Flexi,#10,10,6797,516,48,258900,MGPS 2+4,False
95A,2-Room Flexi,#10,10,6815,518,48,258900,,False
95A,2-Room Flexi,#10,10,6833,520,48,258900,,True
95A,2-Room Flexi,#09,9,6742,500,48,257700,,False
95A,2-Room Flexi,#09,9,6760,502,48,257700,,False
95A,2-Room Flexi,#09,9,6778,514,48,257700,,True
95A,2-Room Flexi,#09,9,6796,516,48,257700,,True
95A,2-Room Flexi,#09,9,6814,518,48,257700,,True
95A,2-Room Flexi,#09,9,6832,520,48,257700,,True
95A,2-Room Flexi,#08,8,6741,500,48,256500,MGPS 2+4,False
95A,2-Room Flexi,#08,8,6759,502,48,256500,MGPS 2+4,False
95A,2-Room Flexi,#08,8,6777,514,48,256500,,True
95A,2-Room Flexi,#08,8,6795,516,48,256500,MGPS 2+4,False
95A,2-Room Flexi,#08,8,6813,518,48,256500,MGPS 2+4,False
95A,2-Room Flexi,#08,8,6831,520,48,256500,,True
95A,2-Room Flexi,#07,7,6740,500,48,253600,,True
95A,2-Room Flexi,#07,7,6758,502,48,253600,,True
95A,2-Room Flexi,#07,7,6776,514,48,253600,,True
95A,2-Room Flexi,#07,7,6794,516,48,253600,,True
95A,2-Room Flexi,#07,7,6812,518,48,253600,,True
95A,2-Room Flexi,#07,7,6830,520,48,253600,,True
95A,2-Room Flexi,#06,6,6739,500,48,250700,,True
95A,2-Room Flexi,#06,6,6757,502,48,250700,,True
95A,2-Room Flexi,#06,6,6775,514,48,250700,,True
95A,2-Room Flexi,#06,6,6793,516,48,250700,,True
95A,2-Room Flexi,#06,6,6811,518,48,250700,,False
95A,2-Room Flexi,#06,6,6829,520,48,250700,,True
95A,2-Room Flexi,#05,5,6738,500,48,247800,,True
95A,2-Room Flexi,#05,5,6756,502,48,247800,,False
95A,2-Room Flexi,#05,5,6774,514,48,247800,,True
95A,2-Room Flexi,#05,5,6792,516,48,247800,,True
95A,2-Room Flexi,#05,5,6810,518,48,247800,,True
95A,2-Room Flexi,#05,5,6828,520,48,247800,,True
95A,2-Room Flexi,#04,4,6737,500,48,243400,,True
95A,2-Room Flexi,#04,4,6755,502,48,243400,,True
95A,2-Room Flexi,#04,4,6773,514,48,243400,,True
95A,2-Room Flexi,#04,4,6791,516,48,243400,GRO,False
95A,2-Room Flexi,#04,4,6809,518,48,243400,,True
95A,2-Room Flexi,#04,4,6827,520,48,243400,,True
95A,2-Room Flexi,#03,3,6736,500,48,239000,,True
95A,2-Room Flexi,#03,3,6754,502,48,239000,,True
95A,2-Room Flexi,#03,3,6772,514,48,239000,,True
95A,2-Room Flexi,#03,3,6790,516,48,239000,,False
95A,2-Room Flexi,#03,3,6808,518,48,239000,,True
95A,2-Room Flexi,#03,3,6826,520,48,239000,,True
95A,2-Room Flexi,#02,2,6735,500,48,234600,,True
95A,2-Room Flexi,#02,2,6753,502,48,234600,,True
95A,2-Room Flexi,#02,2,6771,514,48,234600,,True
95A,2-Room Flexi,#02,2,6789,516,48,234600,,True
95A,2-Room Flexi,#02,2,6807,518,48,234600,,True
95A,2-Room Flexi,#02,2,6825,520,48,234600,,True
95A,"3-Room (Income Ceiling $14,000)",#19,19,6968,504,69,400400,,True
95A,"3-Room (Income Ceiling $14,000)",#19,19,6986,506,69,400400,,True
95A,"3-Room (Income Ceiling $14,000)",#19,19,7034,512,69,400400,,False
95A,"3-Room (Income Ceiling $14,000)",#18,18,6967,504,69,400400,,True
95A,"3-Room (Income Ceiling $14,000)",#18,18,6985,506,69,400400,,True
95A,"3-Room (Income Ceiling $14,000)",#18,18,7033,512,69,400400,,False
95A,"3-Room (Income Ceiling $14,000)",#17,17,6966,504,69,398700,,True
95A,"3-Room (Income Ceiling $14,000)",#17,17,6984,506,69,398700,,True
95A,"3-Room (Income Ceiling $14,000)",#17,17,7032,512,69,398700,MGPS 3+4,False
95A,"3-Room (Income Ceiling $14,000)",#16,16,6965,504,69,397000,,True
95A,"3-Room (Income Ceiling $14,000)",#16,16,6983,506,69,397000,,True
95A,"3-Room (Income Ceiling $14,000)",#16,16,7001,508,69,399600,MGPS 3+4,False
95A,"3-Room (Income Ceiling $14,000)",#16,16,7016,510,69,399600,,False
95A,"3-Room (Income Ceiling $14,000)",#16,16,7031,512,69,397000,,True
95A,"3-Room (Income Ceiling $14,000)",#15,15,6964,504,69,395300,,True
95A,"3-Room (Income Ceiling $14,000)",#15,15,6982,506,69,395300,,True
95A,"3-Room (Income Ceiling $14,000)",#15,15,7000,508,69,399600,,False
95A,"3-Room (Income Ceiling $14,000)",#15,15,7015,510,69,399600,,False
95A,"3-Room (Income Ceiling $14,000)",#15,15,7030,512,69,395300,,True
95A,"3-Room (Income Ceiling $14,000)",#14,14,6963,504,69,393600,MGPS 3+4,True
95A,"3-Room (Income Ceiling $14,000)",#14,14,6981,506,69,393600,,True
95A,"3-Room (Income Ceiling $14,000)",#14,14,6999,508,69,397900,,False
95A,"3-Room (Income Ceiling $14,000)",#14,14,7014,510,69,397900,MGPS 3+4,False
95A,"3-Room (Income Ceiling $14,000)",#14,14,7029,512,69,393600,,True
95A,"3-Room (Income Ceiling $14,000)",#13,13,6962,504,69,391900,,True
95A,"3-Room (Income Ceiling $14,000)",#13,13,6980,506,69,391900,,True
95A,"3-Room (Income Ceiling $14,000)",#13,13,6998,508,69,396200,,True
95A,"3-Room (Income Ceiling $14,000)",#13,13,7013,510,69,396200,,False
95A,"3-Room (Income Ceiling $14,000)",#13,13,7028,512,69,391900,,True
95A,"3-Room (Income Ceiling $14,000)",#12,12,6961,504,69,390200,,True
95A,"3-Room (Income Ceiling $14,000)",#12,12,6979,506,69,390200,,True
95A,"3-Room (Income Ceiling $14,000)",#12,12,6997,508,69,394500,,True
95A,"3-Room (Income Ceiling $14,000)",#12,12,7012,510,69,394500,,False
95A,"3-Room (Income Ceiling $14,000)",#12,12,7027,512,69,390200,,True
95A,"3-Room (Income Ceiling $14,000)",#11,11,6960,504,69,388500,,True
95A,"3-Room (Income Ceiling $14,000)",#11,11,6978,506,69,388500,,True
95A,"3-Room (Income Ceiling $14,000)",#11,11,6996,508,69,392800,MGPS 3+4,False
95A,"3-Room (Income Ceiling $14,000)",#11,11,7011,510,69,392800,,False
95A,"3-Room (Income Ceiling $14,000)",#11,11,7026,512,69,388500,GRO,False
95A,"3-Room (Income Ceiling $14,000)",#10,10,6959,504,69,386800,,True
95A,"3-Room (Income Ceiling $14,000)",#10,10,6977,506,69,386800,,True
95A,"3-Room (Income Ceiling $14,000)",#10,10,6995,508,69,391100,,True
95A,"3-Room (Income Ceiling $14,000)",#10,10,7010,510,69,391100,,True
95A,"3-Room (Income Ceiling $14,000)",#10,10,7025,512,69,386800,,True
95A,"3-Room (Income Ceiling $14,000)",#09,9,6958,504,69,385100,,True
95A,"3-Room (Income Ceiling $14,000)",#09,9,6976,506,69,385100,,True
95A,"3-Room (Income Ceiling $14,000)",#09,9,6994,508,69,389400,,False
95A,"3-Room (Income Ceiling $14,000)",#09,9,7009,510,69,389400,MGPS 3+4,False
95A,"3-Room (Income Ceiling $14,000)",#09,9,7024,512,69,385100,MGPS 3+4,False
95A,"3-Room (Income Ceiling $14,000)",#08,8,6957,504,69,383400,,True
95A,"3-Room (Income Ceiling $14,000)",#08,8,6975,506,69,383400,,True
95A,"3-Room (Income Ceiling $14,000)",#08,8,6993,508,69,387700,,False
95A,"3-Room (Income Ceiling $14,000)",#08,8,7008,510,69,387700,,True
95A,"3-Room (Income Ceiling $14,000)",#08,8,7023,512,69,383400,,True
95A,"3-Room (Income Ceiling $14,000)",#07,7,6956,504,69,379100,,True
95A,"3-Room (Income Ceiling $14,000)",#07,7,6974,506,69,379100,,True
95A,"3-Room (Income Ceiling $14,000)",#07,7,6992,508,69,383400,,True
95A,"3-Room (Income Ceiling $14,000)",#07,7,7007,510,69,383400,MGPS 3+4,False
95A,"3-Room (Income Ceiling $14,000)",#07,7,7022,512,69,379100,,True
95A,"3-Room (Income Ceiling $14,000)",#06,6,6955,504,69,374800,MGPS 3+4,True
95A,"3-Room (Income Ceiling $14,000)",#06,6,6973,506,69,374800,,True
95A,"3-Room (Income Ceiling $14,000)",#06,6,6991,508,69,379100,,True
95A,"3-Room (Income Ceiling $14,000)",#06,6,7006,510,69,379100,,True
95A,"3-Room (Income Ceiling $14,000)",#06,6,7021,512,69,374800,,True
95A,"3-Room (Income Ceiling $14,000)",#05,5,6954,504,69,370500,,True
95A,"3-Room (Income Ceiling $14,000)",#05,5,6972,506,69,370500,MGPS 3+4,True
95A,"3-Room (Income Ceiling $14,000)",#05,5,6990,508,69,370500,,True
95A,"3-Room (Income Ceiling $14,000)",#05,5,7005,510,69,370500,,True
95A,"3-Room (Income Ceiling $14,000)",#05,5,7020,512,69,370500,,True
95A,"3-Room (Income Ceiling $14,000)",#04,4,6953,504,69,359800,,True
95A,"3-Room (Income Ceiling $14,000)",#04,4,6971,506,69,359800,,True
95A,"3-Room (Income Ceiling $14,000)",#04,4,6989,508,69,355500,,True
95A,"3-Room (Income Ceiling $14,000)",#04,4,7004,510,69,355500,,True
95A,"3-Room (Income Ceiling $14,000)",#04,4,7019,512,69,364100,,True
95A,"3-Room (Income Ceiling $14,000)",#03,3,6952,504,69,349100,,True
95A,"3-Room (Income Ceiling $14,000)",#03,3,6970,506,69,349100,,True
95A,"3-Room (Income Ceiling $14,000)",#03,3,6988,508,69,349100,MGPS 3+4,True
95A,"3-Room (Income Ceiling $14,000)",#03,3,7003,510,69,349100,,True
95A,"3-Room (Income Ceiling $14,000)",#03,3,7018,512,69,357700,,True
95A,"3-Room (Income Ceiling $14,000)",#02,2,6951,504,69,342700,MGPS 3+4,True
95A,"3-Room (Income Ceiling $14,000)",#02,2,6969,506,69,342700,,True
95A,"3-Room (Income Ceiling $14,000)",#02,2,6987,508,69,342700,,True
95A,"3-Room (Income Ceiling $14,000)",#02,2,7002,510,69,342700,,True
95A,"3-Room (Income Ceiling $14,000)",#02,2,7017,512,69,351300,,True
95A,4-Room,#19,19,7152,526,93,607100,,True
95A,4-Room,#19,19,7170,528,93,607100,,True
95A,4-Room,#18,18,7151,526,93,607100,,True
95A,4-Room,#18,18,7169,528,93,607100,MGPS 2+4,False
95A,4-Room,#17,17,7150,526,93,604700,MGPS 2+4,False
95A,4-Room,#17,17,7168,528,93,604700,MGPS 3+4,True
95A,4-Room,#16,16,7149,526,93,602300,MGPS 3+4,False
95A,4-Room,#16,16,7167,528,93,602300,,True
95A,4-Room,#15,15,7120,522,93,597500,,False
95A,4-Room,#15,15,7134,524,93,597500,,True
95A,4-Room,#15,15,7148,526,93,599900,,True
95A,4-Room,#15,15,7166,528,93,599900,,True
95A,4-Room,#14,14,7119,522,93,597500,MGPS 3+4,False
95A,4-Room,#14,14,7133,524,93,597500,,True
95A,4-Room,#14,14,7147,526,93,597500,,True
95A,4-Room,#14,14,7165,528,93,597500,MGPS 2+4,False
95A,4-Room,#13,13,7118,522,93,595100,,True
95A,4-Room,#13,13,7132,524,93,595100,,True
95A,4-Room,#13,13,7146,526,93,595100,,True
95A,4-Room,#13,13,7164,528,93,595100,MGPS 2+4,False
95A,4-Room,#12,12,7117,522,93,592700,,True
95A,4-Room,#12,12,7131,524,93,592700,,True
95A,4-Room,#12,12,7145,526,93,592700,,True
95A,4-Room,#12,12,7163,528,93,592700,,True
95A,4-Room,#11,11,7116,522,93,590300,MGPS 3+4,False
95A,4-Room,#11,11,7130,524,93,590300,MGPS 2+4,False
95A,4-Room,#11,11,7144,526,93,590300,MGPS 2+4,False
95A,4-Room,#11,11,7162,528,93,590300,,True
95A,4-Room,#10,10,7115,522,93,587900,,True
95A,4-Room,#10,10,7129,524,93,587900,,True
95A,4-Room,#10,10,7143,526,93,587900,MGPS 2+4,False
95A,4-Room,#10,10,7161,528,93,587900,,True
95A,4-Room,#09,9,7114,522,93,585500,,False
95A,4-Room,#09,9,7128,524,93,585500,MGPS 3+4,False
95A,4-Room,#09,9,7142,526,93,585500,,True
95A,4-Room,#09,9,7160,528,93,585500,,True
95A,4-Room,#08,8,7113,522,93,583100,,True
95A,4-Room,#08,8,7127,524,93,583100,,True
95A,4-Room,#08,8,7141,526,93,583100,MGPS 2+4,False
95A,4-Room,#08,8,7159,528,93,583100,,True
95A,4-Room,#07,7,7112,522,93,577000,,True
95A,4-Room,#07,7,7126,524,93,577000,,True
95A,4-Room,#07,7,7140,526,93,577000,,True
95A,4-Room,#07,7,7158,528,93,577000,,True
95A,4-Room,#06,6,7111,522,93,570900,,True
95A,4-Room,#06,6,7125,524,93,570900,,True
95A,4-Room,#06,6,7139,526,93,570900,,True
95A,4-Room,#06,6,7157,528,93,570900,,True
95A,4-Room,#05,5,7110,522,93,564800,,True
95A,4-Room,#05,5,7124,524,93,564800,,True
95A,4-Room,#05,5,7138,526,93,564800,,True
95A,4-Room,#05,5,7156,528,93,564800,MGPS 2+4,False
95A,4-Room,#04,4,7109,522,93,555600,,True
95A,4-Room,#04,4,7123,524,93,549500,,True
95A,4-Room,#04,4,7137,526,93,549500,,True
95A,4-Room,#04,4,7155,528,93,555600,,True
95A,4-Room,#03,3,7108,522,93,546400,MGPS 3+4,True
95A,4-Room,#03,3,7122,524,93,534200,,True
95A,4-Room,#03,3,7136,526,93,534200,,True
95A,4-Room,#03,3,7154,528,93,546400,,True
95A,4-Room,#02,2,7107,522,93,537200,,True
95A,4-Room,#02,2,7121,524,93,525000,,True
95A,4-Room,#02,2,7135,526,93,525000,,True
95A,4-Room,#02,2,7153,528,93,525000,MGPS 3+4,True
95B,2-Room Flexi,#19,19,6860,530,38,209900,,True
95B,2-Room Flexi,#19,19,6878,532,48,268500,,True
95B,2-Room Flexi,#19,19,6896,542,48,268500,,True
95B,2-Room Flexi,#19,19,6914,544,48,268500,,True
95B,2-Room Flexi,#19,19,6932,546,38,209900,,True
95B,2-Room Flexi,#19,19,6950,548,38,209900,,False
95B,2-Room Flexi,#18,18,6859,530,38,209900,,True
95B,2-Room Flexi,#18,18,6877,532,48,268500,,True
95B,2-Room Flexi,#18,18,6895,542,48,268500,,True
95B,2-Room Flexi,#18,18,6913,544,48,268500,,False
95B,2-Room Flexi,#18,18,6931,546,38,209900,,True
95B,2-Room Flexi,#18,18,6949,548,38,209900,MGPS 2+4,False
95B,2-Room Flexi,#17,17,6858,530,38,209000,,True
95B,2-Room Flexi,#17,17,6876,532,48,267300,MGPS 2+4,False
95B,2-Room Flexi,#17,17,6894,542,48,267300,,True
95B,2-Room Flexi,#17,17,6912,544,48,267300,,True
95B,2-Room Flexi,#17,17,6930,546,38,209000,,True
95B,2-Room Flexi,#17,17,6948,548,38,209000,,True
95B,2-Room Flexi,#16,16,6857,530,38,208100,,True
95B,2-Room Flexi,#16,16,6875,532,48,266100,,True
95B,2-Room Flexi,#16,16,6893,542,48,266100,,True
95B,2-Room Flexi,#16,16,6911,544,48,266100,MGPS 2+4,False
95B,2-Room Flexi,#16,16,6929,546,38,208100,,True
95B,2-Room Flexi,#16,16,6947,548,38,208100,,True
95B,2-Room Flexi,#15,15,6856,530,38,207200,,True
95B,2-Room Flexi,#15,15,6874,532,48,264900,,True
95B,2-Room Flexi,#15,15,6892,542,48,264900,,True
95B,2-Room Flexi,#15,15,6910,544,48,264900,,True
95B,2-Room Flexi,#15,15,6928,546,38,207200,,True
95B,2-Room Flexi,#15,15,6946,548,38,207200,,True
95B,2-Room Flexi,#14,14,6855,530,38,206300,,True
95B,2-Room Flexi,#14,14,6873,532,48,263700,,True
95B,2-Room Flexi,#14,14,6891,542,48,263700,MGPS 2+4,False
95B,2-Room Flexi,#14,14,6909,544,48,263700,,True
95B,2-Room Flexi,#14,14,6927,546,38,206300,,True
95B,2-Room Flexi,#14,14,6945,548,38,206300,,True
95B,2-Room Flexi,#13,13,6854,530,38,205400,,True
95B,2-Room Flexi,#13,13,6872,532,48,262500,,True
95B,2-Room Flexi,#13,13,6890,542,48,262500,,True
95B,2-Room Flexi,#13,13,6908,544,48,262500,MGPS 2+4,False
95B,2-Room Flexi,#13,13,6926,546,38,205400,,True
95B,2-Room Flexi,#13,13,6944,548,38,205400,,True
95B,2-Room Flexi,#12,12,6853,530,38,204500,MGPS 2+4,False
95B,2-Room Flexi,#12,12,6871,532,48,261300,,True
95B,2-Room Flexi,#12,12,6889,542,48,261300,,False
95B,2-Room Flexi,#12,12,6907,544,48,261300,,True
95B,2-Room Flexi,#12,12,6925,546,38,204500,,True
95B,2-Room Flexi,#12,12,6943,548,38,204500,,True
95B,2-Room Flexi,#11,11,6852,530,38,203600,MGPS 2+4,False
95B,2-Room Flexi,#11,11,6870,532,48,260100,,True
95B,2-Room Flexi,#11,11,6888,542,48,260100,,True
95B,2-Room Flexi,#11,11,6906,544,48,260100,,True
95B,2-Room Flexi,#11,11,6924,546,38,203600,,True
95B,2-Room Flexi,#11,11,6942,548,38,203600,,True
95B,2-Room Flexi,#10,10,6851,530,38,202700,,True
95B,2-Room Flexi,#10,10,6869,532,48,258900,,False
95B,2-Room Flexi,#10,10,6887,542,48,258900,,True
95B,2-Room Flexi,#10,10,6905,544,48,258900,,True
95B,2-Room Flexi,#10,10,6923,546,38,202700,,True
95B,2-Room Flexi,#10,10,6941,548,38,202700,,True
95B,2-Room Flexi,#09,9,6850,530,38,201800,,True
95B,2-Room Flexi,#09,9,6868,532,48,257700,,True
95B,2-Room Flexi,#09,9,6886,542,48,257700,MGPS 2+4,False
95B,2-Room Flexi,#09,9,6904,544,48,257700,,True
95B,2-Room Flexi,#09,9,6922,546,38,201800,,True
95B,2-Room Flexi,#09,9,6940,548,38,201800,MGPS 2+4,False
95B,2-Room Flexi,#08,8,6849,530,38,200900,MGPS 2+4,False
95B,2-Room Flexi,#08,8,6867,532,48,256500,,True
95B,2-Room Flexi,#08,8,6885,542,48,256500,,True
95B,2-Room Flexi,#08,8,6903,544,48,256500,,True
95B,2-Room Flexi,#08,8,6921,546,38,200900,,True
95B,2-Room Flexi,#08,8,6939,548,38,200900,,True
95B,2-Room Flexi,#07,7,6848,530,38,198600,,True
95B,2-Room Flexi,#07,7,6866,532,48,253600,,True
95B,2-Room Flexi,#07,7,6884,542,48,253600,,True
95B,2-Room Flexi,#07,7,6902,544,48,253600,,True
95B,2-Room Flexi,#07,7,6920,546,38,198600,,True
95B,2-Room Flexi,#07,7,6938,548,38,198600,,True
95B,2-Room Flexi,#06,6,6847,530,38,196300,,True
95B,2-Room Flexi,#06,6,6865,532,48,250700,,True
95B,2-Room Flexi,#06,6,6883,542,48,250700,,True
95B,2-Room Flexi,#06,6,6901,544,48,250700,,True
95B,2-Room Flexi,#06,6,6919,546,38,196300,,True
95B,2-Room Flexi,#06,6,6937,548,38,196300,,True
95B,2-Room Flexi,#05,5,6846,530,38,194000,,False
95B,2-Room Flexi,#05,5,6864,532,48,247800,MGPS 2+4,False
95B,2-Room Flexi,#05,5,6882,542,48,247800,,True
95B,2-Room Flexi,#05,5,6900,544,48,247800,,False
95B,2-Room Flexi,#05,5,6918,546,38,194000,,True
95B,2-Room Flexi,#05,5,6936,548,38,194000,,True
95B,2-Room Flexi,#04,4,6845,530,38,190600,,True
95B,2-Room Flexi,#04,4,6863,532,48,243400,,True
95B,2-Room Flexi,#04,4,6881,542,48,243400,,True
95B,2-Room Flexi,#04,4,6899,544,48,243400,,True
95B,2-Room Flexi,#04,4,6917,546,38,190600,,True
95B,2-Room Flexi,#04,4,6935,548,38,190600,,True
95B,2-Room Flexi,#03,3,6844,530,38,187200,,True
95B,2-Room Flexi,#03,3,6862,532,48,239000,MGPS 2+4,False
95B,2-Room Flexi,#03,3,6880,542,48,239000,,True
95B,2-Room Flexi,#03,3,6898,544,48,239000,,True
95B,2-Room Flexi,#03,3,6916,546,38,187200,,True
95B,2-Room Flexi,#03,3,6934,548,38,187200,,True
95B,2-Room Flexi,#02,2,6843,530,38,183800,,True
95B,2-Room Flexi,#02,2,6861,532,48,234600,,True
95B,2-Room Flexi,#02,2,6879,542,48,234600,,True
95B,2-Room Flexi,#02,2,6897,544,48,234600,,True
95B,2-Room Flexi,#02,2,6915,546,38,183800,,True
95B,2-Room Flexi,#02,2,6933,548,38,179200,,True
95B,"3-Room (Income Ceiling $14,000)",#19,19,7052,534,69,400400,,True
95B,"3-Room (Income Ceiling $14,000)",#19,19,7070,536,69,400400,,True
95B,"3-Room (Income Ceiling $14,000)",#19,19,7088,538,69,404700,,False
95B,"3-Room (Income Ceiling $14,000)",#19,19,7106,540,69,404700,,True
95B,"3-Room (Income Ceiling $14,000)",#18,18,7051,534,69,400400,,False
95B,"3-Room (Income Ceiling $14,000)",#18,18,7069,536,69,400400,,True
95B,"3-Room (Income Ceiling $14,000)",#18,18,7087,538,69,404700,,False
95B,"3-Room (Income Ceiling $14,000)",#18,18,7105,540,69,404700,,False
95B,"3-Room (Income Ceiling $14,000)",#17,17,7050,534,69,398700,,True
95B,"3-Room (Income Ceiling $14,000)",#17,17,7068,536,69,398700,,True
95B,"3-Room (Income Ceiling $14,000)",#17,17,7086,538,69,403000,,False
95B,"3-Room (Income Ceiling $14,000)",#17,17,7104,540,69,403000,,True
95B,"3-Room (Income Ceiling $14,000)",#16,16,7049,534,69,397000,,True
95B,"3-Room (Income Ceiling $14,000)",#16,16,7067,536,69,397000,MGPS 3+4,False
95B,"3-Room (Income Ceiling $14,000)",#16,16,7085,538,69,401300,,False
95B,"3-Room (Income Ceiling $14,000)",#16,16,7103,540,69,401300,,False
95B,"3-Room (Income Ceiling $14,000)",#15,15,7048,534,69,395300,,False
95B,"3-Room (Income Ceiling $14,000)",#15,15,7066,536,69,395300,MGPS 3+4,False
95B,"3-Room (Income Ceiling $14,000)",#15,15,7084,538,69,399600,,False
95B,"3-Room (Income Ceiling $14,000)",#15,15,7102,540,69,399600,,False
95B,"3-Room (Income Ceiling $14,000)",#14,14,7047,534,69,393600,,True
95B,"3-Room (Income Ceiling $14,000)",#14,14,7065,536,69,393600,MGPS 3+4,False
95B,"3-Room (Income Ceiling $14,000)",#14,14,7083,538,69,397900,,False
95B,"3-Room (Income Ceiling $14,000)",#14,14,7101,540,69,397900,,True
95B,"3-Room (Income Ceiling $14,000)",#13,13,7046,534,69,391900,MGPS 3+4,True
95B,"3-Room (Income Ceiling $14,000)",#13,13,7064,536,69,391900,,True
95B,"3-Room (Income Ceiling $14,000)",#13,13,7082,538,69,396200,,False
95B,"3-Room (Income Ceiling $14,000)",#13,13,7100,540,69,396200,,True
95B,"3-Room (Income Ceiling $14,000)",#12,12,7045,534,69,390200,,True
95B,"3-Room (Income Ceiling $14,000)",#12,12,7063,536,69,390200,,True
95B,"3-Room (Income Ceiling $14,000)",#12,12,7081,538,69,394500,,False
95B,"3-Room (Income Ceiling $14,000)",#12,12,7099,540,69,394500,,False
95B,"3-Room (Income Ceiling $14,000)",#11,11,7044,534,69,388500,MGPS 3+4,False
95B,"3-Room (Income Ceiling $14,000)",#11,11,7062,536,69,388500,,True
95B,"3-Room (Income Ceiling $14,000)",#11,11,7080,538,69,392800,GRO,False
95B,"3-Room (Income Ceiling $14,000)",#11,11,7098,540,69,392800,,True
95B,"3-Room (Income Ceiling $14,000)",#10,10,7043,534,69,386800,MGPS 3+4,True
95B,"3-Room (Income Ceiling $14,000)",#10,10,7061,536,69,386800,,True
95B,"3-Room (Income Ceiling $14,000)",#10,10,7079,538,69,391100,MGPS 3+4,False
95B,"3-Room (Income Ceiling $14,000)",#10,10,7097,540,69,391100,,True
95B,"3-Room (Income Ceiling $14,000)",#09,9,7042,534,69,385100,MGPS 3+4,True
95B,"3-Room (Income Ceiling $14,000)",#09,9,7060,536,69,385100,,True
95B,"3-Room (Income Ceiling $14,000)",#09,9,7078,538,69,389400,,False
95B,"3-Room (Income Ceiling $14,000)",#09,9,7096,540,69,389400,,True
95B,"3-Room (Income Ceiling $14,000)",#08,8,7041,534,69,383400,,True
95B,"3-Room (Income Ceiling $14,000)",#08,8,7059,536,69,383400,,True
95B,"3-Room (Income Ceiling $14,000)",#08,8,7077,538,69,387700,,False
95B,"3-Room (Income Ceiling $14,000)",#08,8,7095,540,69,387700,,True
95B,"3-Room (Income Ceiling $14,000)",#07,7,7040,534,69,379100,,True
95B,"3-Room (Income Ceiling $14,000)",#07,7,7058,536,69,379100,,True
95B,"3-Room (Income Ceiling $14,000)",#07,7,7076,538,69,383400,MGPS 3+4,False
95B,"3-Room (Income Ceiling $14,000)",#07,7,7094,540,69,383400,,True
95B,"3-Room (Income Ceiling $14,000)",#06,6,7039,534,69,374800,,True
95B,"3-Room (Income Ceiling $14,000)",#06,6,7057,536,69,374800,MGPS 3+4,False
95B,"3-Room (Income Ceiling $14,000)",#06,6,7075,538,69,379100,MGPS 3+4,False
95B,"3-Room (Income Ceiling $14,000)",#06,6,7093,540,69,379100,,True
95B,"3-Room (Income Ceiling $14,000)",#05,5,7038,534,69,370500,,True
95B,"3-Room (Income Ceiling $14,000)",#05,5,7056,536,69,370500,,True
95B,"3-Room (Income Ceiling $14,000)",#05,5,7074,538,69,370500,,True
95B,"3-Room (Income Ceiling $14,000)",#05,5,7092,540,69,370500,,True
95B,"3-Room (Income Ceiling $14,000)",#04,4,7037,534,69,364100,,True
95B,"3-Room (Income Ceiling $14,000)",#04,4,7055,536,69,364100,,True
95B,"3-Room (Income Ceiling $14,000)",#04,4,7073,538,69,364100,,True
95B,"3-Room (Income Ceiling $14,000)",#04,4,7091,540,69,364100,,True
95B,"3-Room (Income Ceiling $14,000)",#03,3,7036,534,69,357700,,True
95B,"3-Room (Income Ceiling $14,000)",#03,3,7054,536,69,357700,,True
95B,"3-Room (Income Ceiling $14,000)",#03,3,7072,538,69,357700,,True
95B,"3-Room (Income Ceiling $14,000)",#03,3,7090,540,69,357700,,True
95B,"3-Room (Income Ceiling $14,000)",#02,2,7035,534,69,351300,,True
95B,"3-Room (Income Ceiling $14,000)",#02,2,7053,536,69,351300,,True
95B,"3-Room (Income Ceiling $14,000)",#02,2,7071,538,69,351300,,False
95B,"3-Room (Income Ceiling $14,000)",#02,2,7089,540,69,351300,,True
95B,4-Room,#19,19,7188,550,93,607100,,True
95B,4-Room,#19,19,7206,552,93,607100,,True
95B,4-Room,#19,19,7223,554,93,607100,,True
95B,4-Room,#19,19,7240,556,93,607100,,True
95B,4-Room,#18,18,7187,550,93,607100,,True
95B,4-Room,#18,18,7205,552,93,607100,,True
95B,4-Room,#18,18,7222,554,93,607100,,False
95B,4-Room,#18,18,7239,556,93,607100,,True
95B,4-Room,#17,17,7186,550,93,604700,MGPS 2+4,False
95B,4-Room,#17,17,7204,552,93,604700,,True
95B,4-Room,#17,17,7221,554,93,604700,,True
95B,4-Room,#17,17,7238,556,93,604700,,True
95B,4-Room,#16,16,7185,550,93,602300,,True
95B,4-Room,#16,16,7203,552,93,602300,,False
95B,4-Room,#16,16,7220,554,93,602300,MGPS 3+4,False
95B,4-Room,#16,16,7237,556,93,596200,,True
95B,4-Room,#15,15,7184,550,93,599900,,True
95B,4-Room,#15,15,7202,552,93,599900,,True
95B,4-Room,#15,15,7219,554,93,599900,,True
95B,4-Room,#15,15,7236,556,93,593800,,True
95B,4-Room,#14,14,7183,550,93,597500,,True
95B,4-Room,#14,14,7201,552,93,597500,,True
95B,4-Room,#14,14,7218,554,93,597500,,True
95B,4-Room,#14,14,7235,556,93,591400,,True
95B,4-Room,#13,13,7182,550,93,595100,,True
95B,4-Room,#13,13,7200,552,93,595100,MGPS 3+4,False
95B,4-Room,#13,13,7217,554,93,595100,,True
95B,4-Room,#13,13,7234,556,93,589000,MGPS 2+4,False
95B,4-Room,#12,12,7181,550,93,592700,MGPS 2+4,False
95B,4-Room,#12,12,7199,552,93,592700,,True
95B,4-Room,#12,12,7216,554,93,592700,,True
95B,4-Room,#12,12,7233,556,93,586600,,True
95B,4-Room,#11,11,7180,550,93,590300,MGPS 2+4,False
95B,4-Room,#11,11,7198,552,93,590300,,True
95B,4-Room,#11,11,7215,554,93,590300,,True
95B,4-Room,#11,11,7232,556,93,584200,MGPS 2+4,False
95B,4-Room,#10,10,7179,550,93,587900,MGPS 3+4,False
95B,4-Room,#10,10,7197,552,93,587900,,False
95B,4-Room,#10,10,7214,554,93,587900,MGPS 3+4,False
95B,4-Room,#10,10,7231,556,93,581800,,True
95B,4-Room,#09,9,7178,550,93,585500,MGPS 2+4,False
95B,4-Room,#09,9,7196,552,93,585500,,True
95B,4-Room,#09,9,7213,554,93,585500,,True
95B,4-Room,#09,9,7230,556,93,579400,MGPS 2+4,False
95B,4-Room,#08,8,7177,550,93,583100,,True
95B,4-Room,#08,8,7195,552,93,583100,,True
95B,4-Room,#08,8,7212,554,93,583100,,True
95B,4-Room,#08,8,7229,556,93,577000,MGPS 2+4,False
95B,4-Room,#07,7,7176,550,93,577000,,True
95B,4-Room,#07,7,7194,552,93,577000,MGPS 3+4,False
95B,4-Room,#07,7,7211,554,93,577000,,True
95B,4-Room,#07,7,7228,556,93,570900,,True
95B,4-Room,#06,6,7175,550,93,570900,,False
95B,4-Room,#06,6,7193,552,93,570900,,True
95B,4-Room,#06,6,7210,554,93,570900,,True
95B,4-Room,#06,6,7227,556,93,564800,,True
95B,4-Room,#05,5,7174,550,93,564800,,True
95B,4-Room,#05,5,7192,552,93,564800,,True
95B,4-Room,#05,5,7209,554,93,564800,,True
95B,4-Room,#05,5,7226,556,93,558700,,True
95B,4-Room,#04,4,7173,550,93,555600,,True
95B,4-Room,#04,4,7191,552,93,549500,,True
95B,4-Room,#04,4,7208,554,93,549500,,True
95B,4-Room,#04,4,7225,556,93,549500,,True
95B,4-Room,#03,3,7172,550,93,546400,,True
95B,4-Room,#03,3,7190,552,93,534200,MGPS 3+4,True
95B,4-Room,#03,3,7207,554,93,534200,,True
95B,4-Room,#03,3,7224,556,93,540300,,True
95B,4-Room,#02,2,7171,550,93,525000,,True
95B,4-Room,#02,2,7189,552,93,525000,,True
95C,4-Room,#19,19,7258,558,93,625400,,True
95C,4-Room,#19,19,7276,560,93,625400,,False
95C,4-Room,#19,19,7294,562,93,625400,,False
95C,4-Room,#19,19,7312,564,93,613200,,True
95C,4-Room,#19,19,7330,566,93,613200,,True
95C,4-Room,#19,19,7348,568,93,613200,,False
95C,4-Room,#19,19,7366,570,93,613200,,True
95C,4-Room,#19,19,7384,572,93,613200,,True
95C,4-Room,#19,19,7402,574,93,613200,,True
95C,4-Room,#18,18,7257,558,93,625400,,True
95C,4-Room,#18,18,7275,560,93,625400,,False
95C,4-Room,#18,18,7293,562,93,625400,,False
95C,4-Room,#18,18,7311,564,93,613200,,False
95C,4-Room,#18,18,7329,566,93,613200,,True
95C,4-Room,#18,18,7347,568,93,613200,GRO,False
95C,4-Room,#18,18,7365,570,93,613200,,True
95C,4-Room,#18,18,7383,572,93,613200,,True
95C,4-Room,#18,18,7401,574,93,613200,,True
95C,4-Room,#17,17,7256,558,93,623000,,True
95C,4-Room,#17,17,7274,560,93,623000,,True
95C,4-Room,#17,17,7292,562,93,623000,,False
95C,4-Room,#17,17,7310,564,93,610800,,True
95C,4-Room,#17,17,7328,566,93,610800,,True
95C,4-Room,#17,17,7346,568,93,610800,,False
95C,4-Room,#17,17,7364,570,93,610800,,True
95C,4-Room,#17,17,7382,572,93,610800,,True
95C,4-Room,#17,17,7400,574,93,610800,,True
95C,4-Room,#16,16,7255,558,93,620600,,True
95C,4-Room,#16,16,7273,560,93,620600,,False
95C,4-Room,#16,16,7291,562,93,620600,MGPS 2+4,False
95C,4-Room,#16,16,7309,564,93,608400,,False
95C,4-Room,#16,16,7327,566,93,608400,,True
95C,4-Room,#16,16,7345,568,93,608400,,False
95C,4-Room,#16,16,7363,570,93,608400,MGPS 3+4,False
95C,4-Room,#16,16,7381,572,93,608400,,True
95C,4-Room,#16,16,7399,574,93,608400,,True
95C,4-Room,#15,15,7254,558,93,612100,,True
95C,4-Room,#15,15,7272,560,93,612100,,True
95C,4-Room,#15,15,7290,562,93,612100,,False
95C,4-Room,#15,15,7308,564,93,599900,,True
95C,4-Room,#15,15,7326,566,93,599900,,True
95C,4-Room,#15,15,7344,568,93,599900,,True
95C,4-Room,#15,15,7362,570,93,599900,,True
95C,4-Room,#15,15,7380,572,93,599900,,True
95C,4-Room,#15,15,7398,574,93,599900,,True
95C,4-Room,#15,15,7415,576,93,597500,,True
95C,4-Room,#15,15,7428,578,93,597500,GRO,False
95C,4-Room,#14,14,7253,558,93,609700,,True
95C,4-Room,#14,14,7271,560,93,609700,,True
95C,4-Room,#14,14,7289,562,93,609700,,False
95C,4-Room,#14,14,7307,564,93,597500,,True
95C,4-Room,#14,14,7325,566,93,597500,,True
95C,4-Room,#14,14,7343,568,93,597500,,True
95C,4-Room,#14,14,7361,570,93,597500,,True
95C,4-Room,#14,14,7379,572,93,597500,,True
95C,4-Room,#14,14,7397,574,93,597500,,True
95C,4-Room,#14,14,7414,576,93,597500,,True
95C,4-Room,#14,14,7427,578,93,597500,,False
95C,4-Room,#13,13,7252,558,93,607300,,True
95C,4-Room,#13,13,7270,560,93,607300,,True
95C,4-Room,#13,13,7288,562,93,607300,,True
95C,4-Room,#13,13,7306,564,93,595100,,True
95C,4-Room,#13,13,7324,566,93,595100,,True
95C,4-Room,#13,13,7342,568,93,595100,,True
95C,4-Room,#13,13,7360,570,93,595100,,True
95C,4-Room,#13,13,7378,572,93,595100,,True
95C,4-Room,#13,13,7396,574,93,595100,,True
95C,4-Room,#13,13,7413,576,93,595100,,True
95C,4-Room,#13,13,7426,578,93,595100,,True
95C,4-Room,#12,12,7251,558,93,598800,,True
95C,4-Room,#12,12,7269,560,93,598800,,True
95C,4-Room,#12,12,7287,562,93,598800,,True
95C,4-Room,#12,12,7305,564,93,592700,,True
95C,4-Room,#12,12,7323,566,93,592700,,True
95C,4-Room,#12,12,7341,568,93,592700,,False
95C,4-Room,#12,12,7359,570,93,592700,,True
95C,4-Room,#12,12,7377,572,93,592700,,True
95C,4-Room,#12,12,7395,574,93,592700,,True
95C,4-Room,#12,12,7412,576,93,592700,,True
95C,4-Room,#12,12,7425,578,93,592700,,True
95C,4-Room,#11,11,7250,558,93,590300,,True
95C,4-Room,#11,11,7268,560,93,590300,,True
95C,4-Room,#11,11,7286,562,93,590300,,True
95C,4-Room,#11,11,7304,564,93,590300,,True
95C,4-Room,#11,11,7322,566,93,590300,,True
95C,4-Room,#11,11,7340,568,93,590300,,True
95C,4-Room,#11,11,7358,570,93,590300,,True
95C,4-Room,#11,11,7376,572,93,590300,,True
95C,4-Room,#11,11,7394,574,93,590300,,True
95C,4-Room,#11,11,7411,576,93,590300,,True
95C,4-Room,#11,11,7424,578,93,590300,,True
95C,4-Room,#10,10,7249,558,93,575700,,True
95C,4-Room,#10,10,7267,560,93,575700,,True
95C,4-Room,#10,10,7285,562,93,587900,,True
95C,4-Room,#10,10,7303,564,93,587900,,True
95C,4-Room,#10,10,7321,566,93,587900,,True
95C,4-Room,#10,10,7339,568,93,587900,,True
95C,4-Room,#10,10,7357,570,93,587900,,True
95C,4-Room,#10,10,7375,572,93,587900,,True
95C,4-Room,#10,10,7393,574,93,587900,,True
95C,4-Room,#10,10,7410,576,93,587900,,True
95C,4-Room,#10,10,7423,578,93,587900,,True
95C,4-Room,#09,9,7248,558,93,573300,,True
95C,4-Room,#09,9,7266,560,93,573300,,True
95C,4-Room,#09,9,7284,562,93,585500,,True
95C,4-Room,#09,9,7302,564,93,585500,MGPS 2+4,False
95C,4-Room,#09,9,7320,566,93,585500,,True
95C,4-Room,#09,9,7338,568,93,585500,,False
95C,4-Room,#09,9,7356,570,93,585500,,True
95C,4-Room,#09,9,7374,572,93,585500,,True
95C,4-Room,#09,9,7392,574,93,585500,,True
95C,4-Room,#09,9,7409,576,93,585500,,True
95C,4-Room,#09,9,7422,578,93,585500,,True
95C,4-Room,#08,8,7247,558,93,570900,,True
95C,4-Room,#08,8,7265,560,93,570900,MGPS 3+4,True
95C,4-Room,#08,8,7283,562,93,570900,,True
95C,4-Room,#08,8,7301,564,93,583100,,True
95C,4-Room,#08,8,7319,566,93,583100,,True
95C,4-Room,#08,8,7337,568,93,583100,,True
95C,4-Room,#08,8,7355,570,93,583100,,True
95C,4-Room,#08,8,7373,572,93,583100,,True
95C,4-Room,#08,8,7391,574,93,583100,,True
95C,4-Room,#08,8,7408,576,93,583100,,True
95C,4-Room,#08,8,7421,578,93,583100,,True
95C,4-Room,#07,7,7246,558,93,552600,,True
95C,4-Room,#07,7,7264,560,93,552600,,True
95C,4-Room,#07,7,7282,562,93,552600,,True
95C,4-Room,#07,7,7300,564,93,577000,,True
95C,4-Room,#07,7,7318,566,93,577000,,True
95C,4-Room,#07,7,7336,568,93,577000,,True
95C,4-Room,#07,7,7354,570,93,577000,,True
95C,4-Room,#07,7,7372,572,93,577000,,True
95C,4-Room,#07,7,7390,574,93,577000,,True
95C,4-Room,#07,7,7407,576,93,577000,,True
95C,4-Room,#07,7,7420,578,93,577000,,True
95C,4-Room,#06,6,7245,558,93,534300,,True
95C,4-Room,#06,6,7263,560,93,534300,,True
95C,4-Room,#06,6,7281,562,93,534300,,True
95C,4-Room,#06,6,7299,564,93,570900,,True
95C,4-Room,#06,6,7317,566,93,570900,,True
95C,4-Room,#06,6,7335,568,93,570900,MGPS 2+4,False
95C,4-Room,#06,6,7353,570,93,570900,,True
95C,4-Room,#06,6,7371,572,93,570900,,True
95C,4-Room,#06,6,7389,574,93,570900,,True
95C,4-Room,#06,6,7406,576,93,570900,,True
95C,4-Room,#06,6,7419,578,93,570900,,True
95C,4-Room,#05,5,7244,558,93,528200,,True
95C,4-Room,#05,5,7262,560,93,528200,,True
95C,4-Room,#05,5,7280,562,93,528200,,True
95C,4-Room,#05,5,7298,564,93,564800,,True
95C,4-Room,#05,5,7316,566,93,564800,,True
95C,4-Room,#05,5,7334,568,93,564800,,True
95C,4-Room,#05,5,7352,570,93,564800,,True
95C,4-Room,#05,5,7370,572,93,564800,,True
95C,4-Room,#05,5,7388,574,93,564800,,True
95C,4-Room,#05,5,7405,576,93,564800,,True
95C,4-Room,#05,5,7418,578,93,564800,,True
95C,4-Room,#04,4,7243,558,93,512900,,True
95C,4-Room,#04,4,7261,560,93,519000,,True
95C,4-Room,#04,4,7279,562,93,519000,,True
95C,4-Room,#04,4,7297,564,93,555600,,True
95C,4-Room,#04,4,7315,566,93,555600,,True
95C,4-Room,#04,4,7333,568,93,555600,,True
95C,4-Room,#04,4,7351,570,93,555600,,True
95C,4-Room,#04,4,7369,572,93,555600,,True
95C,4-Room,#04,4,7387,574,93,555600,,True
95C,4-Room,#04,4,7404,576,93,555600,,True
95C,4-Room,#04,4,7417,578,93,549500,,True
95C,4-Room,#03,3,7242,558,93,497600,GRO,False
95C,4-Room,#03,3,7260,560,93,509800,,True
95C,4-Room,#03,3,7278,562,93,509800,,True
95C,4-Room,#03,3,7296,564,93,546400,,True
95C,4-Room,#03,3,7314,566,93,546400,,True
95C,4-Room,#03,3,7332,568,93,546400,,True
95C,4-Room,#03,3,7350,570,93,546400,,True
95C,4-Room,#03,3,7368,572,93,546400,,True
95C,4-Room,#03,3,7386,574,93,546400,,True
95C,4-Room,#03,3,7403,576,93,546400,,True
95C,4-Room,#03,3,7416,578,93,534200,,True
95C,4-Room,#02,2,7241,558,93,488400,,True
95C,4-Room,#02,2,7259,560,93,500600,,True
95C,4-Room,#02,2,7277,562,93,500600,,True
95C,4-Room,#02,2,7295,564,93,537200,,True
95C,4-Room,#02,2,7313,566,93,537200,,True
95C,4-Room,#02,2,7331,568,93,537200,,True
95C,4-Room,#02,2,7349,570,93,537200,,True
95C,4-Room,#02,2,7367,572,93,537200,,True
95C,4-Room,#02,2,7385,574,93,537200,,True
97A,4-Room,#19,19,7446,580,93,613200,,True
97A,4-Room,#19,19,7464,582,93,613200,,True
97A,4-Room,#19,19,7510,588,93,613200,,True
97A,4-Room,#19,19,7527,590,93,613200,,True
97A,4-Room,#19,19,7545,592,93,625400,,False
97A,4-Room,#19,19,7563,594,93,625400,,False
97A,4-Room,#19,19,7581,596,93,613200,,False
97A,4-Room,#19,19,7599,598,93,613200,,True
97A,4-Room,#19,19,7617,600,93,613200,,True
97A,4-Room,#18,18,7445,580,93,613200,,True
97A,4-Room,#18,18,7463,582,93,613200,,True
97A,4-Room,#18,18,7509,588,93,613200,,False
97A,4-Room,#18,18,7526,590,93,613200,,True
97A,4-Room,#18,18,7544,592,93,625400,,False
97A,4-Room,#18,18,7562,594,93,625400,GRO,False
97A,4-Room,#18,18,7580,596,93,613200,,False
97A,4-Room,#18,18,7598,598,93,613200,,True
97A,4-Room,#18,18,7616,600,93,613200,,True
97A,4-Room,#17,17,7444,580,93,610800,,True
97A,4-Room,#17,17,7462,582,93,610800,,True
97A,4-Room,#17,17,7508,588,93,610800,,True
97A,4-Room,#17,17,7525,590,93,610800,GRO,False
97A,4-Room,#17,17,7543,592,93,623000,,False
97A,4-Room,#17,17,7561,594,93,623000,,False
97A,4-Room,#17,17,7579,596,93,610800,,False
97A,4-Room,#17,17,7597,598,93,610800,,True
97A,4-Room,#17,17,7615,600,93,610800,,True
97A,4-Room,#16,16,7443,580,93,608400,,True
97A,4-Room,#16,16,7461,582,93,608400,,True
97A,4-Room,#16,16,7507,588,93,608400,,True
97A,4-Room,#16,16,7524,590,93,608400,,True
97A,4-Room,#16,16,7542,592,93,620600,,False
97A,4-Room,#16,16,7560,594,93,620600,,True
97A,4-Room,#16,16,7578,596,93,608400,,False
97A,4-Room,#16,16,7596,598,93,608400,,True
97A,4-Room,#16,16,7614,600,93,608400,,True
97A,4-Room,#15,15,7442,580,93,599900,,True
97A,4-Room,#15,15,7460,582,93,599900,,True
97A,4-Room,#15,15,7478,584,93,597500,,True
97A,4-Room,#15,15,7492,586,93,597500,,True
97A,4-Room,#15,15,7506,588,93,599900,,True
97A,4-Room,#15,15,7523,590,93,599900,,True
97A,4-Room,#15,15,7541,592,93,612100,,True
97A,4-Room,#15,15,7559,594,93,612100,,True
97A,4-Room,#15,15,7577,596,93,599900,,False
97A,4-Room,#15,15,7595,598,93,599900,,True
97A,4-Room,#15,15,7613,600,93,599900,,True
97A,4-Room,#14,14,7441,580,93,597500,,True
97A,4-Room,#14,14,7459,582,93,597500,,True
97A,4-Room,#14,14,7477,584,93,597500,,True
97A,4-Room,#14,14,7491,586,93,597500,,True
97A,4-Room,#14,14,7505,588,93,597500,,True
97A,4-Room,#14,14,7522,590,93,597500,,True
97A,4-Room,#14,14,7540,592,93,609700,,True
97A,4-Room,#14,14,7558,594,93,609700,,True
97A,4-Room,#14,14,7576,596,93,597500,,True
97A,4-Room,#14,14,7594,598,93,597500,,True
97A,4-Room,#14,14,7612,600,93,597500,,True
97A,4-Room,#13,13,7440,580,93,595100,,True
97A,4-Room,#13,13,7458,582,93,595100,,True
97A,4-Room,#13,13,7476,584,93,595100,,True
97A,4-Room,#13,13,7490,586,93,595100,,True
97A,4-Room,#13,13,7504,588,93,595100,,True
97A,4-Room,#13,13,7521,590,93,595100,,True
97A,4-Room,#13,13,7539,592,93,607300,,True
97A,4-Room,#13,13,7557,594,93,607300,,True
97A,4-Room,#13,13,7575,596,93,595100,,True
97A,4-Room,#13,13,7593,598,93,595100,,True
97A,4-Room,#13,13,7611,600,93,595100,,True
97A,4-Room,#12,12,7439,580,93,592700,,True
97A,4-Room,#12,12,7457,582,93,592700,,True
97A,4-Room,#12,12,7475,584,93,592700,,True
97A,4-Room,#12,12,7489,586,93,592700,,True
97A,4-Room,#12,12,7503,588,93,592700,,True
97A,4-Room,#12,12,7520,590,93,592700,,True
97A,4-Room,#12,12,7538,592,93,598800,,True
97A,4-Room,#12,12,7556,594,93,598800,,True
97A,4-Room,#12,12,7574,596,93,592700,,True
97A,4-Room,#12,12,7592,598,93,592700,,True
97A,4-Room,#12,12,7610,600,93,592700,,True
97A,4-Room,#11,11,7438,580,93,590300,,True
97A,4-Room,#11,11,7456,582,93,590300,,True
97A,4-Room,#11,11,7474,584,93,590300,,True
97A,4-Room,#11,11,7488,586,93,590300,,True
97A,4-Room,#11,11,7502,588,93,590300,,True
97A,4-Room,#11,11,7519,590,93,590300,,True
97A,4-Room,#11,11,7537,592,93,590300,,True
97A,4-Room,#11,11,7555,594,93,590300,,True
97A,4-Room,#11,11,7573,596,93,590300,,False
97A,4-Room,#11,11,7591,598,93,590300,,True
97A,4-Room,#11,11,7609,600,93,590300,,True
97A,4-Room,#10,10,7437,580,93,587900,,True
97A,4-Room,#10,10,7455,582,93,587900,,True
97A,4-Room,#10,10,7473,584,93,587900,,True
97A,4-Room,#10,10,7487,586,93,587900,,True
97A,4-Room,#10,10,7501,588,93,587900,,True
97A,4-Room,#10,10,7518,590,93,587900,,True
97A,4-Room,#10,10,7536,592,93,587900,,True
97A,4-Room,#10,10,7554,594,93,587900,,True
97A,4-Room,#10,10,7572,596,93,587900,,True
97A,4-Room,#10,10,7590,598,93,587900,,True
97A,4-Room,#10,10,7608,600,93,587900,,True
97A,4-Room,#09,9,7436,580,93,585500,MGPS 2+4,False
97A,4-Room,#09,9,7454,582,93,585500,,True
97A,4-Room,#09,9,7472,584,93,585500,,True
97A,4-Room,#09,9,7486,586,93,585500,,True
97A,4-Room,#09,9,7500,588,93,585500,,True
97A,4-Room,#09,9,7535,592,93,585500,,True
97A,4-Room,#09,9,7553,594,93,585500,,True
97A,4-Room,#09,9,7571,596,93,585500,,True
97A,4-Room,#09,9,7589,598,93,585500,,True
97A,4-Room,#09,9,7607,600,93,585500,,True
97A,4-Room,#08,8,7435,580,93,583100,,True
97A,4-Room,#08,8,7453,582,93,583100,,True
97A,4-Room,#08,8,7471,584,93,583100,,True
97A,4-Room,#08,8,7485,586,93,583100,,True
97A,4-Room,#08,8,7499,588,93,583100,,True
97A,4-Room,#08,8,7517,590,93,583100,,True
97A,4-Room,#08,8,7534,592,93,570900,,True
97A,4-Room,#08,8,7552,594,93,570900,,True
97A,4-Room,#08,8,7570,596,93,583100,,True
97A,4-Room,#08,8,7588,598,93,583100,,True
97A,4-Room,#08,8,7606,600,93,583100,,True
97A,4-Room,#07,7,7434,580,93,577000,,True
97A,4-Room,#07,7,7452,582,93,577000,,True
97A,4-Room,#07,7,7470,584,93,577000,MGPS 2+4,True
97A,4-Room,#07,7,7484,586,93,577000,,True
97A,4-Room,#07,7,7498,588,93,577000,,True
97A,4-Room,#07,7,7516,590,93,577000,,True
97A,4-Room,#07,7,7533,592,93,552600,,True
97A,4-Room,#07,7,7551,594,93,552600,,True
97A,4-Room,#07,7,7569,596,93,577000,,True
97A,4-Room,#07,7,7587,598,93,577000,,True
97A,4-Room,#07,7,7605,600,93,577000,,True
97A,4-Room,#06,6,7433,580,93,570900,,True
97A,4-Room,#06,6,7451,582,93,570900,,True
97A,4-Room,#06,6,7469,584,93,570900,,True
97A,4-Room,#06,6,7483,586,93,570900,,True
97A,4-Room,#06,6,7497,588,93,570900,,True
97A,4-Room,#06,6,7515,590,93,570900,,True
97A,4-Room,#06,6,7532,592,93,534300,,True
97A,4-Room,#06,6,7550,594,93,534300,,True
97A,4-Room,#06,6,7568,596,93,570900,,True
97A,4-Room,#06,6,7586,598,93,570900,,True
97A,4-Room,#06,6,7604,600,93,570900,,True
97A,4-Room,#05,5,7432,580,93,564800,,True
97A,4-Room,#05,5,7450,582,93,564800,,True
97A,4-Room,#05,5,7468,584,93,564800,,True
97A,4-Room,#05,5,7482,586,93,564800,,True
97A,4-Room,#05,5,7496,588,93,564800,MGPS 3+4,True
97A,4-Room,#05,5,7514,590,93,564800,,True
97A,4-Room,#05,5,7531,592,93,528200,,True
97A,4-Room,#05,5,7549,594,93,528200,,True
97A,4-Room,#05,5,7567,596,93,564800,,True
97A,4-Room,#05,5,7585,598,93,564800,,True
97A,4-Room,#05,5,7603,600,93,564800,,True
97A,4-Room,#04,4,7431,580,93,555600,,True
97A,4-Room,#04,4,7449,582,93,549500,,True
97A,4-Room,#04,4,7467,584,93,549500,,True
97A,4-Room,#04,4,7481,586,93,555600,,True
97A,4-Room,#04,4,7495,588,93,555600,,True
97A,4-Room,#04,4,7513,590,93,555600,,True
97A,4-Room,#04,4,7530,592,93,512900,,True
97A,4-Room,#04,4,7548,594,93,512900,MGPS 3+4,True
97A,4-Room,#04,4,7566,596,93,555600,,True
97A,4-Room,#04,4,7584,598,93,555600,,True
97A,4-Room,#04,4,7602,600,93,555600,,True
97A,4-Room,#03,3,7430,580,93,546400,,True
97A,4-Room,#03,3,7448,582,93,534200,,True
97A,4-Room,#03,3,7466,584,93,534200,,True
97A,4-Room,#03,3,7480,586,93,546400,,True
97A,4-Room,#03,3,7494,588,93,546400,,True
97A,4-Room,#03,3,7512,590,93,546400,,True
97A,4-Room,#03,3,7529,592,93,497600,,True
97A,4-Room,#03,3,7547,594,93,497600,,True
97A,4-Room,#03,3,7565,596,93,546400,,True
97A,4-Room,#03,3,7583,598,93,546400,,True
97A,4-Room,#03,3,7601,600,93,546400,,True
97A,4-Room,#02,2,7429,580,93,537200,,True
97A,4-Room,#02,2,7447,582,93,512800,,True
97A,4-Room,#02,2,7465,584,93,525000,MGPS 2+4,True
97A,4-Room,#02,2,7479,586,93,537200,,True
97A,4-Room,#02,2,7493,588,93,537200,,True
97A,4-Room,#02,2,7511,590,93,537200,,True
97A,4-Room,#02,2,7528,592,93,488400,,True
97A,4-Room,#02,2,7546,594,93,488400,,True
97A,4-Room,#02,2,7564,596,93,537200,,True
97A,4-Room,#02,2,7582,598,93,537200,,True
97A,4-Room,#02,2,7600,600,93,537200,,True
97B,4-Room,#19,19,7635,602,93,613200,,True
97B,4-Room,#19,19,7653,604,93,613200,,True
97B,4-Room,#19,19,7671,606,93,613200,,True
97B,4-Room,#19,19,7689,608,93,613200,,True
97B,4-Room,#19,19,7707,610,93,613200,,True
97B,4-Room,#19,19,7725,612,93,613200,,True
97B,4-Room,#19,19,7771,618,93,613200,,True
97B,4-Room,#19,19,7789,620,93,613200,,True
97B,4-Room,#18,18,7634,602,93,613200,,True
97B,4-Room,#18,18,7652,604,93,613200,,True
97B,4-Room,#18,18,7670,606,93,613200,,True
97B,4-Room,#18,18,7688,608,93,613200,,True
97B,4-Room,#18,18,7706,610,93,613200,,False
97B,4-Room,#18,18,7724,612,93,613200,,True
97B,4-Room,#18,18,7770,618,93,613200,,True
97B,4-Room,#18,18,7788,620,93,613200,,True
97B,4-Room,#17,17,7633,602,93,610800,,True
97B,4-Room,#17,17,7651,604,93,610800,,True
97B,4-Room,#17,17,7669,606,93,610800,,True
97B,4-Room,#17,17,7687,608,93,610800,,True
97B,4-Room,#17,17,7705,610,93,610800,,True
97B,4-Room,#17,17,7723,612,93,610800,,True
97B,4-Room,#17,17,7769,618,93,610800,,True
97B,4-Room,#17,17,7787,620,93,610800,,True
97B,4-Room,#16,16,7632,602,93,608400,,True
97B,4-Room,#16,16,7650,604,93,608400,,True
97B,4-Room,#16,16,7668,606,93,608400,,True
97B,4-Room,#16,16,7686,608,93,608400,,True
97B,4-Room,#16,16,7704,610,93,608400,,True
97B,4-Room,#16,16,7722,612,93,608400,,True
97B,4-Room,#16,16,7768,618,93,608400,,False
97B,4-Room,#16,16,7786,620,93,608400,,True
97B,4-Room,#15,15,7631,602,93,606000,,True
97B,4-Room,#15,15,7649,604,93,606000,,True
97B,4-Room,#15,15,7667,606,93,606000,,True
97B,4-Room,#15,15,7685,608,93,606000,,True
97B,4-Room,#15,15,7703,610,93,606000,,True
97B,4-Room,#15,15,7721,612,93,606000,,True
97B,4-Room,#15,15,7739,614,93,603600,,True
97B,4-Room,#15,15,7753,616,93,603600,,True
97B,4-Room,#15,15,7767,618,93,606000,,True
97B,4-Room,#15,15,7785,620,93,606000,,True
97B,4-Room,#14,14,7630,602,93,603600,,True
97B,4-Room,#14,14,7648,604,93,603600,MGPS 3+4,False
97B,4-Room,#14,14,7666,606,93,603600,,True
97B,4-Room,#14,14,7684,608,93,603600,,True
97B,4-Room,#14,14,7702,610,93,603600,,True
97B,4-Room,#14,14,7720,612,93,603600,,True
97B,4-Room,#14,14,7738,614,93,603600,,True
97B,4-Room,#14,14,7752,616,93,603600,,True
97B,4-Room,#14,14,7766,618,93,603600,,True
97B,4-Room,#14,14,7784,620,93,603600,,True
97B,4-Room,#13,13,7629,602,93,601200,,True
97B,4-Room,#13,13,7647,604,93,601200,,True
97B,4-Room,#13,13,7665,606,93,595100,,True
97B,4-Room,#13,13,7683,608,93,595100,,True
97B,4-Room,#13,13,7701,610,93,601200,,True
97B,4-Room,#13,13,7719,612,93,601200,,True
97B,4-Room,#13,13,7737,614,93,601200,,True
97B,4-Room,#13,13,7751,616,93,601200,,True
97B,4-Room,#13,13,7765,618,93,601200,,True
97B,4-Room,#13,13,7783,620,93,601200,,True
97B,4-Room,#12,12,7628,602,93,598800,,True
97B,4-Room,#12,12,7646,604,93,598800,,True
97B,4-Room,#12,12,7664,606,93,586600,,True
97B,4-Room,#12,12,7682,608,93,586600,,True
97B,4-Room,#12,12,7700,610,93,598800,,True
97B,4-Room,#12,12,7718,612,93,598800,,True
97B,4-Room,#12,12,7736,614,93,598800,,True
97B,4-Room,#12,12,7750,616,93,598800,,True
97B,4-Room,#12,12,7764,618,93,598800,,True
97B,4-Room,#12,12,7782,620,93,598800,,True
97B,4-Room,#11,11,7627,602,93,596400,,True
97B,4-Room,#11,11,7645,604,93,596400,,True
97B,4-Room,#11,11,7663,606,93,584200,,True
97B,4-Room,#11,11,7681,608,93,584200,,True
97B,4-Room,#11,11,7699,610,93,596400,,True
97B,4-Room,#11,11,7717,612,93,596400,,True
97B,4-Room,#11,11,7735,614,93,596400,MGPS 2+4,False
97B,4-Room,#11,11,7749,616,93,596400,,True
97B,4-Room,#11,11,7763,618,93,596400,,True
97B,4-Room,#11,11,7781,620,93,596400,,True
97B,4-Room,#10,10,7626,602,93,594000,,True
97B,4-Room,#10,10,7644,604,93,594000,,True
97B,4-Room,#10,10,7662,606,93,581800,,True
97B,4-Room,#10,10,7680,608,93,581800,,True
97B,4-Room,#10,10,7698,610,93,594000,,True
97B,4-Room,#10,10,7716,612,93,594000,,True
97B,4-Room,#10,10,7734,614,93,594000,,True
97B,4-Room,#10,10,7748,616,93,594000,,True
97B,4-Room,#10,10,7762,618,93,594000,,True
97B,4-Room,#10,10,7780,620,93,594000,,True
97B,4-Room,#09,9,7625,602,93,591600,,True
97B,4-Room,#09,9,7643,604,93,591600,,True
97B,4-Room,#09,9,7661,606,93,579400,,True
97B,4-Room,#09,9,7679,608,93,579400,,True
97B,4-Room,#09,9,7697,610,93,591600,,True
97B,4-Room,#09,9,7715,612,93,591600,,True
97B,4-Room,#09,9,7733,614,93,591600,,True
97B,4-Room,#09,9,7747,616,93,591600,,True
97B,4-Room,#09,9,7761,618,93,591600,,True
97B,4-Room,#09,9,7779,620,93,591600,,True
97B,4-Room,#08,8,7624,602,93,589200,,True
97B,4-Room,#08,8,7642,604,93,589200,,True
97B,4-Room,#08,8,7660,606,93,577000,,True
97B,4-Room,#08,8,7678,608,93,577000,,True
97B,4-Room,#08,8,7696,610,93,589200,,True
97B,4-Room,#08,8,7714,612,93,589200,,True
97B,4-Room,#08,8,7732,614,93,589200,,True
97B,4-Room,#08,8,7746,616,93,589200,,True
97B,4-Room,#08,8,7760,618,93,589200,,True
97B,4-Room,#08,8,7778,620,93,589200,,True
97B,4-Room,#07,7,7623,602,93,583100,,True
97B,4-Room,#07,7,7641,604,93,583100,,True
97B,4-Room,#07,7,7659,606,93,570900,,True
97B,4-Room,#07,7,7677,608,93,570900,,True
97B,4-Room,#07,7,7695,610,93,583100,,True
97B,4-Room,#07,7,7713,612,93,583100,,True
97B,4-Room,#07,7,7731,614,93,583100,,True
97B,4-Room,#07,7,7745,616,93,583100,,True
97B,4-Room,#07,7,7759,618,93,583100,,True
97B,4-Room,#07,7,7777,620,93,583100,,True
97B,4-Room,#06,6,7622,602,93,577000,,True
97B,4-Room,#06,6,7640,604,93,577000,,True
97B,4-Room,#06,6,7658,606,93,564800,,True
97B,4-Room,#06,6,7676,608,93,564800,,True
97B,4-Room,#06,6,7694,610,93,577000,,True
97B,4-Room,#06,6,7712,612,93,577000,,True
97B,4-Room,#06,6,7730,614,93,577000,MGPS 2+4,True
97B,4-Room,#06,6,7744,616,93,577000,,True
97B,4-Room,#06,6,7758,618,93,577000,,True
97B,4-Room,#06,6,7776,620,93,577000,,True
97B,4-Room,#05,5,7621,602,93,570900,,True
97B,4-Room,#05,5,7639,604,93,570900,,True
97B,4-Room,#05,5,7657,606,93,558700,,True
97B,4-Room,#05,5,7675,608,93,558700,,True
97B,4-Room,#05,5,7693,610,93,570900,,True
97B,4-Room,#05,5,7711,612,93,570900,,True
97B,4-Room,#05,5,7729,614,93,570900,,True
97B,4-Room,#05,5,7743,616,93,570900,,True
97B,4-Room,#05,5,7757,618,93,570900,,True
97B,4-Room,#05,5,7775,620,93,570900,,True
97B,4-Room,#04,4,7620,602,93,561700,,True
97B,4-Room,#04,4,7638,604,93,561700,,True
97B,4-Room,#04,4,7656,606,93,549500,MGPS 3+4,True
97B,4-Room,#04,4,7674,608,93,549500,,True
97B,4-Room,#04,4,7692,610,93,561700,,True
97B,4-Room,#04,4,7710,612,93,561700,,True
97B,4-Room,#04,4,7728,614,93,555600,,True
97B,4-Room,#04,4,7742,616,93,549500,,True
97B,4-Room,#04,4,7756,618,93,555600,MGPS 2+4,True
97B,4-Room,#04,4,7774,620,93,561700,,True
97B,4-Room,#03,3,7619,602,93,552500,,True
97B,4-Room,#03,3,7637,604,93,552500,,True
97B,4-Room,#03,3,7655,606,93,540300,,True
97B,4-Room,#03,3,7673,608,93,540300,,True
97B,4-Room,#03,3,7691,610,93,552500,,True
97B,4-Room,#03,3,7709,612,93,552500,,True
97B,4-Room,#03,3,7727,614,93,540300,,True
97B,4-Room,#03,3,7741,616,93,528100,,True
97B,4-Room,#03,3,7755,618,93,540300,,True
97B,4-Room,#03,3,7773,620,93,552500,,True
97B,4-Room,#02,2,7618,602,93,543300,,True
97B,4-Room,#02,2,7636,604,93,543300,,True
97B,4-Room,#02,2,7654,606,93,531100,,True
97B,4-Room,#02,2,7672,608,93,531100,,True
97B,4-Room,#02,2,7690,610,93,531100,,True
97B,4-Room,#02,2,7708,612,93,531100,,True
97B,4-Room,#02,2,7726,614,93,531100,,True
97B,4-Room,#02,2,7740,616,93,518900,,True
97B,4-Room,#02,2,7754,618,93,518900,,True
97B,4-Room,#02,2,7772,620,93,543300,,True
99A,4-Room,#19,19,7807,622,93,613200,,False
99A,4-Room,#19,19,7825,624,93,613200,GRO,False
99A,4-Room,#19,19,7842,626,93,601000,,True
99A,4-Room,#19,19,7860,628,93,613200,,False
99A,4-Room,#19,19,7878,630,93,601000,,True
99A,4-Room,#19,19,7896,632,93,613200,,True
99A,4-Room,#19,19,7914,634,93,613200,,True
99A,4-Room,#19,19,7932,636,93,613200,,True
99A,4-Room,#19,19,7950,638,93,613200,,False
99A,4-Room,#18,18,7806,622,93,613200,,False
99A,4-Room,#18,18,7824,624,93,613200,,True
99A,4-Room,#18,18,7841,626,93,601000,,True
99A,4-Room,#18,18,7859,628,93,613200,MGPS 3+4,False
99A,4-Room,#18,18,7877,630,93,601000,,True
99A,4-Room,#18,18,7895,632,93,613200,,True
99A,4-Room,#18,18,7913,634,93,613200,,False
99A,4-Room,#18,18,7931,636,93,613200,,True
99A,4-Room,#18,18,7949,638,93,613200,,True
99A,4-Room,#17,17,7805,622,93,610800,,True
99A,4-Room,#17,17,7823,624,93,610800,,True
99A,4-Room,#17,17,7840,626,93,598600,,True
99A,4-Room,#17,17,7858,628,93,610800,,True
99A,4-Room,#17,17,7876,630,93,598600,,True
99A,4-Room,#17,17,7894,632,93,610800,,True
99A,4-Room,#17,17,7912,634,93,610800,MGPS 3+4,False
99A,4-Room,#17,17,7930,636,93,610800,,True
99A,4-Room,#17,17,7948,638,93,610800,,True
99A,4-Room,#16,16,7804,622,93,608400,,True
99A,4-Room,#16,16,7822,624,93,608400,,True
99A,4-Room,#16,16,7839,626,93,596200,,True
99A,4-Room,#16,16,7857,628,93,608400,,True
99A,4-Room,#16,16,7875,630,93,596200,,True
99A,4-Room,#16,16,7893,632,93,608400,,True
99A,4-Room,#16,16,7911,634,93,608400,,False
99A,4-Room,#16,16,7929,636,93,608400,,True
99A,4-Room,#16,16,7947,638,93,608400,,True
99A,4-Room,#15,15,7803,622,93,606000,,True
99A,4-Room,#15,15,7821,624,93,606000,,True
99A,4-Room,#15,15,7838,626,93,593800,,True
99A,4-Room,#15,15,7856,628,93,606000,,True
99A,4-Room,#15,15,7874,630,93,593800,,True
99A,4-Room,#15,15,7892,632,93,606000,,True
99A,4-Room,#15,15,7910,634,93,606000,,False
99A,4-Room,#15,15,7928,636,93,606000,,True
99A,4-Room,#15,15,7946,638,93,606000,,True
99A,4-Room,#14,14,7802,622,93,603600,,True
99A,4-Room,#14,14,7820,624,93,603600,,True
99A,4-Room,#14,14,7837,626,93,591400,,True
99A,4-Room,#14,14,7855,628,93,603600,,True
99A,4-Room,#14,14,7873,630,93,591400,,True
99A,4-Room,#14,14,7891,632,93,603600,,True
99A,4-Room,#14,14,7909,634,93,603600,,True
99A,4-Room,#14,14,7927,636,93,603600,,True
99A,4-Room,#14,14,7945,638,93,603600,,True
99A,4-Room,#13,13,7801,622,93,601200,,True
99A,4-Room,#13,13,7819,624,93,601200,,True
99A,4-Room,#13,13,7836,626,93,589000,,True
99A,4-Room,#13,13,7854,628,93,601200,,True
99A,4-Room,#13,13,7872,630,93,589000,,True
99A,4-Room,#13,13,7890,632,93,601200,,True
99A,4-Room,#13,13,7908,634,93,601200,,True
99A,4-Room,#13,13,7926,636,93,601200,,True
99A,4-Room,#13,13,7944,638,93,601200,,True
99A,4-Room,#12,12,7800,622,93,598800,,True
99A,4-Room,#12,12,7818,624,93,598800,,True
99A,4-Room,#12,12,7835,626,93,586600,,True
99A,4-Room,#12,12,7853,628,93,592700,,True
99A,4-Room,#12,12,7871,630,93,586600,,True
99A,4-Room,#12,12,7889,632,93,598800,,True
99A,4-Room,#12,12,7907,634,93,598800,,True
99A,4-Room,#12,12,7925,636,93,598800,,True
99A,4-Room,#12,12,7943,638,93,598800,,True
99A,4-Room,#11,11,7799,622,93,596400,,True
99A,4-Room,#11,11,7817,624,93,596400,,True
99A,4-Room,#11,11,7834,626,93,584200,,True
99A,4-Room,#11,11,7852,628,93,584200,,True
99A,4-Room,#11,11,7870,630,93,584200,,True
99A,4-Room,#11,11,7888,632,93,596400,,True
99A,4-Room,#11,11,7906,634,93,596400,,True
99A,4-Room,#11,11,7924,636,93,596400,,True
99A,4-Room,#11,11,7942,638,93,596400,,True
99A,4-Room,#10,10,7798,622,93,594000,MGPS 2+4,False
99A,4-Room,#10,10,7816,624,93,594000,,True
99A,4-Room,#10,10,7833,626,93,581800,,True
99A,4-Room,#10,10,7851,628,93,581800,,True
99A,4-Room,#10,10,7869,630,93,581800,,True
99A,4-Room,#10,10,7887,632,93,594000,,True
99A,4-Room,#10,10,7905,634,93,594000,,True
99A,4-Room,#10,10,7923,636,93,594000,,True
99A,4-Room,#10,10,7941,638,93,594000,,True
99A,4-Room,#09,9,7797,622,93,591600,,True
99A,4-Room,#09,9,7815,624,93,591600,,True
99A,4-Room,#09,9,7850,628,93,579400,,True
99A,4-Room,#09,9,7868,630,93,579400,,True
99A,4-Room,#09,9,7886,632,93,591600,,True
99A,4-Room,#09,9,7904,634,93,591600,,True
99A,4-Room,#09,9,7922,636,93,591600,,True
99A,4-Room,#09,9,7940,638,93,591600,,True
99A,4-Room,#08,8,7796,622,93,589200,,True
99A,4-Room,#08,8,7814,624,93,589200,,True
99A,4-Room,#08,8,7832,626,93,577000,,True
99A,4-Room,#08,8,7849,628,93,564800,,True
99A,4-Room,#08,8,7867,630,93,577000,,True
99A,4-Room,#08,8,7885,632,93,589200,,True
99A,4-Room,#08,8,7903,634,93,589200,,True
99A,4-Room,#08,8,7921,636,93,589200,,True
99A,4-Room,#08,8,7939,638,93,589200,,True
99A,4-Room,#07,7,7795,622,93,583100,,True
99A,4-Room,#07,7,7813,624,93,583100,,True
99A,4-Room,#07,7,7831,626,93,570900,,True
99A,4-Room,#07,7,7848,628,93,558700,,True
99A,4-Room,#07,7,7866,630,93,570900,MGPS 2+4,True
99A,4-Room,#07,7,7884,632,93,583100,,True
99A,4-Room,#07,7,7902,634,93,583100,,True
99A,4-Room,#07,7,7920,636,93,583100,,True
99A,4-Room,#07,7,7938,638,93,583100,,True
99A,4-Room,#06,6,7794,622,93,577000,,True
99A,4-Room,#06,6,7812,624,93,577000,,True
99A,4-Room,#06,6,7830,626,93,564800,,True
99A,4-Room,#06,6,7847,628,93,552600,,True
99A,4-Room,#06,6,7865,630,93,564800,,True
99A,4-Room,#06,6,7883,632,93,577000,,True
99A,4-Room,#06,6,7901,634,93,577000,,True
99A,4-Room,#06,6,7919,636,93,577000,,True
99A,4-Room,#06,6,7937,638,93,577000,,True
99A,4-Room,#05,5,7793,622,93,570900,,True
99A,4-Room,#05,5,7811,624,93,570900,,True
99A,4-Room,#05,5,7829,626,93,558700,,True
99A,4-Room,#05,5,7846,628,93,546500,,True
99A,4-Room,#05,5,7864,630,93,558700,,True
99A,4-Room,#05,5,7882,632,93,570900,,True
99A,4-Room,#05,5,7900,634,93,570900,,True
99A,4-Room,#05,5,7918,636,93,570900,,True
99A,4-Room,#05,5,7936,638,93,570900,,True
99A,4-Room,#04,4,7792,622,93,555600,,True
99A,4-Room,#04,4,7810,624,93,555600,,True
99A,4-Room,#04,4,7828,626,93,549500,,True
99A,4-Room,#04,4,7845,628,93,531200,,True
99A,4-Room,#04,4,7863,630,93,543400,,True
99A,4-Room,#04,4,7881,632,93,561700,,True
99A,4-Room,#04,4,7899,634,93,555600,,True
99A,4-Room,#04,4,7917,636,93,549500,,True
99A,4-Room,#04,4,7935,638,93,555600,,True
99A,4-Room,#03,3,7791,622,93,540300,,True
99A,4-Room,#03,3,7809,624,93,540300,,True
99A,4-Room,#03,3,7827,626,93,540300,,True
99A,4-Room,#03,3,7844,628,93,515900,,True
99A,4-Room,#03,3,7862,630,93,528100,,True
99A,4-Room,#03,3,7880,632,93,552500,,True
99A,4-Room,#03,3,7898,634,93,540300,,True
99A,4-Room,#03,3,7916,636,93,528100,,True
99A,4-Room,#03,3,7934,638,93,540300,,True
99A,4-Room,#02,2,7790,622,93,531100,,True
99A,4-Room,#02,2,7808,624,93,531100,,True
99A,4-Room,#02,2,7826,626,93,531100,,True
99A,4-Room,#02,2,7843,628,93,506700,,True
99A,4-Room,#02,2,7861,630,93,518900,,True
99A,4-Room,#02,2,7879,632,93,543300,,True
99A,4-Room,#02,2,7897,634,93,531100,,True
99A,4-Room,#02,2,7915,636,93,518900,,True
99A,4-Room,#02,2,7933,638,93,531100,,True
99B,4-Room,#19,19,7968,640,93,613200,,True
99B,4-Room,#19,19,7986,642,93,613200,MGPS 3+4,False
99B,4-Room,#19,19,8026,648,93,613200,,False
99B,4-Room,#19,19,8044,650,93,613200,,False
99B,4-Room,#19,19,8062,652,93,601000,,False
99B,4-Room,#19,19,8080,654,93,613200,,False
99B,4-Room,#19,19,8098,656,93,607100,MGPS 2+4,False
99B,4-Room,#19,19,8116,658,93,613200,,False
99B,4-Room,#18,18,7967,640,93,613200,,True
99B,4-Room,#18,18,7985,642,93,613200,,True
99B,4-Room,#18,18,8025,648,93,613200,,False
99B,4-Room,#18,18,8043,650,93,613200,,False
99B,4-Room,#18,18,8061,652,93,601000,GRO,False
99B,4-Room,#18,18,8079,654,93,613200,,True
99B,4-Room,#18,18,8097,656,93,607100,,True
99B,4-Room,#18,18,8115,658,93,613200,GRO,False
99B,4-Room,#17,17,7966,640,93,610800,,True
99B,4-Room,#17,17,7984,642,93,610800,,True
99B,4-Room,#17,17,8024,648,93,610800,,False
99B,4-Room,#17,17,8042,650,93,610800,,False
99B,4-Room,#17,17,8060,652,93,598600,,False
99B,4-Room,#17,17,8078,654,93,610800,,True
99B,4-Room,#17,17,8096,656,93,604700,,True
99B,4-Room,#17,17,8114,658,93,610800,,False
99B,4-Room,#16,16,7965,640,93,608400,,True
99B,4-Room,#16,16,7983,642,93,608400,,True
99B,4-Room,#16,16,8023,648,93,608400,,False
99B,4-Room,#16,16,8041,650,93,608400,,False
99B,4-Room,#16,16,8059,652,93,596200,,True
99B,4-Room,#16,16,8077,654,93,608400,,True
99B,4-Room,#16,16,8095,656,93,602300,,True
99B,4-Room,#16,16,8113,658,93,608400,,True
99B,4-Room,#15,15,7964,640,93,606000,,True
99B,4-Room,#15,15,7982,642,93,606000,,True
99B,4-Room,#15,15,7997,644,93,603600,,False
99B,4-Room,#15,15,8008,646,93,603600,,False
99B,4-Room,#15,15,8022,648,93,606000,,False
99B,4-Room,#15,15,8040,650,93,606000,,False
99B,4-Room,#15,15,8058,652,93,593800,,True
99B,4-Room,#15,15,8076,654,93,606000,,True
99B,4-Room,#15,15,8094,656,93,599900,,True
99B,4-Room,#15,15,8112,658,93,606000,,True
99B,4-Room,#14,14,7963,640,93,603600,,True
99B,4-Room,#14,14,7981,642,93,603600,,True
99B,4-Room,#14,14,7996,644,93,603600,,False
99B,4-Room,#14,14,8007,646,93,603600,,True
99B,4-Room,#14,14,8021,648,93,603600,,True
99B,4-Room,#14,14,8039,650,93,603600,,True
99B,4-Room,#14,14,8057,652,93,591400,,True
99B,4-Room,#14,14,8075,654,93,603600,,True
99B,4-Room,#14,14,8093,656,93,597500,,True
99B,4-Room,#14,14,8111,658,93,603600,,True
99B,4-Room,#13,13,7962,640,93,601200,,True
99B,4-Room,#13,13,7980,642,93,601200,,True
99B,4-Room,#13,13,7995,644,93,601200,,False
99B,4-Room,#13,13,8006,646,93,601200,,True
99B,4-Room,#13,13,8020,648,93,601200,,False
99B,4-Room,#13,13,8038,650,93,601200,,False
99B,4-Room,#13,13,8056,652,93,589000,,True
99B,4-Room,#13,13,8074,654,93,601200,,True
99B,4-Room,#13,13,8092,656,93,595100,,True
99B,4-Room,#13,13,8110,658,93,601200,,True
99B,4-Room,#12,12,7961,640,93,598800,,True
99B,4-Room,#12,12,7979,642,93,598800,,True
99B,4-Room,#12,12,7994,644,93,598800,,False
99B,4-Room,#12,12,8005,646,93,598800,,False
99B,4-Room,#12,12,8019,648,93,598800,,False
99B,4-Room,#12,12,8037,650,93,598800,,False
99B,4-Room,#12,12,8055,652,93,586600,,True
99B,4-Room,#12,12,8073,654,93,598800,,True
99B,4-Room,#12,12,8091,656,93,592700,,True
99B,4-Room,#12,12,8109,658,93,598800,,False
99B,4-Room,#11,11,7960,640,93,596400,,True
99B,4-Room,#11,11,7978,642,93,596400,,True
99B,4-Room,#11,11,7993,644,93,596400,,True
99B,4-Room,#11,11,8004,646,93,596400,,True
99B,4-Room,#11,11,8018,648,93,596400,,True
99B,4-Room,#11,11,8036,650,93,596400,,True
99B,4-Room,#11,11,8054,652,93,584200,,True
99B,4-Room,#11,11,8072,654,93,596400,,True
99B,4-Room,#11,11,8090,656,93,590300,,True
99B,4-Room,#11,11,8108,658,93,596400,,True
99B,4-Room,#10,10,7959,640,93,594000,,True
99B,4-Room,#10,10,7977,642,93,594000,,True
99B,4-Room,#10,10,7992,644,93,594000,,True
99B,4-Room,#10,10,8003,646,93,594000,,True
99B,4-Room,#10,10,8017,648,93,594000,,True
99B,4-Room,#10,10,8035,650,93,594000,,True
99B,4-Room,#10,10,8053,652,93,581800,,True
99B,4-Room,#10,10,8071,654,93,594000,,True
99B,4-Room,#10,10,8089,656,93,587900,MGPS 3+4,False
99B,4-Room,#10,10,8107,658,93,594000,,True
99B,4-Room,#09,9,7958,640,93,591600,,True
99B,4-Room,#09,9,7976,642,93,591600,,True
99B,4-Room,#09,9,7991,644,93,591600,,True
99B,4-Room,#09,9,8002,646,93,591600,,True
99B,4-Room,#09,9,8016,648,93,591600,,True
99B,4-Room,#09,9,8034,650,93,591600,,True
99B,4-Room,#09,9,8052,652,93,579400,,True
99B,4-Room,#09,9,8070,654,93,591600,,True
99B,4-Room,#09,9,8088,656,93,585500,,True
99B,4-Room,#09,9,8106,658,93,591600,,True
99B,4-Room,#08,8,7957,640,93,589200,,True
99B,4-Room,#08,8,7975,642,93,589200,,True
99B,4-Room,#08,8,7990,644,93,589200,,False
99B,4-Room,#08,8,8001,646,93,589200,,True
99B,4-Room,#08,8,8015,648,93,589200,,True
99B,4-Room,#08,8,8033,650,93,589200,,True
99B,4-Room,#08,8,8051,652,93,577000,,True
99B,4-Room,#08,8,8069,654,93,589200,,True
99B,4-Room,#08,8,8087,656,93,583100,,True
99B,4-Room,#08,8,8105,658,93,589200,,True
99B,4-Room,#07,7,7956,640,93,583100,,True
99B,4-Room,#07,7,7974,642,93,583100,,True
99B,4-Room,#07,7,7989,644,93,583100,,True
99B,4-Room,#07,7,8000,646,93,583100,,True
99B,4-Room,#07,7,8014,648,93,583100,,True
99B,4-Room,#07,7,8032,650,93,583100,,True
99B,4-Room,#07,7,8050,652,93,570900,,True
99B,4-Room,#07,7,8068,654,93,583100,,True
99B,4-Room,#07,7,8086,656,93,577000,,True
99B,4-Room,#07,7,8104,658,93,583100,,True
99B,4-Room,#06,6,7955,640,93,577000,,True
99B,4-Room,#06,6,7973,642,93,577000,,True
99B,4-Room,#06,6,7988,644,93,577000,MGPS 2+4,True
99B,4-Room,#06,6,7999,646,93,577000,,True
99B,4-Room,#06,6,8013,648,93,577000,,True
99B,4-Room,#06,6,8031,650,93,577000,,True
99B,4-Room,#06,6,8049,652,93,564800,,True
99B,4-Room,#06,6,8067,654,93,577000,,True
99B,4-Room,#06,6,8085,656,93,570900,,True
99B,4-Room,#06,6,8103,658,93,577000,,True
99B,4-Room,#05,5,7954,640,93,570900,,True
99B,4-Room,#05,5,7972,642,93,570900,,True
99B,4-Room,#05,5,7987,644,93,570900,,True
99B,4-Room,#05,5,7998,646,93,570900,,True
99B,4-Room,#05,5,8012,648,93,570900,,True
99B,4-Room,#05,5,8030,650,93,570900,,True
99B,4-Room,#05,5,8048,652,93,558700,,True
99B,4-Room,#05,5,8066,654,93,570900,,True
99B,4-Room,#05,5,8084,656,93,564800,,True
99B,4-Room,#05,5,8102,658,93,570900,,True
99B,4-Room,#04,4,7953,640,93,555600,,True
99B,4-Room,#04,4,7971,642,93,549500,,True
99B,4-Room,#04,4,8011,648,93,555600,,True
99B,4-Room,#04,4,8029,650,93,555600,,True
99B,4-Room,#04,4,8047,652,93,549500,,True
99B,4-Room,#04,4,8065,654,93,561700,,True
99B,4-Room,#04,4,8083,656,93,555600,,True
99B,4-Room,#04,4,8101,658,93,555600,,True
99B,4-Room,#03,3,7952,640,93,540300,,True
99B,4-Room,#03,3,7970,642,93,528100,,True
99B,4-Room,#03,3,8010,648,93,546400,,True
99B,4-Room,#03,3,8028,650,93,540300,,False
99B,4-Room,#03,3,8046,652,93,540300,,True
99B,4-Room,#03,3,8064,654,93,552500,,True
99B,4-Room,#03,3,8082,656,93,546400,,True
99B,4-Room,#03,3,8100,658,93,540300,,True
99B,4-Room,#02,2,7951,640,93,531100,MGPS 2+4,True
99B,4-Room,#02,2,7969,642,93,518900,,True
99B,4-Room,#02,2,8009,648,93,537200,,True
99B,4-Room,#02,2,8027,650,93,531100,,True
99B,4-Room,#02,2,8045,652,93,531100,,True
99B,4-Room,#02,2,8063,654,93,543300,,True
99B,4-Room,#02,2,8081,656,93,537200,,True
99B,4-Room,#02,2,8099,658,93,531100,,True
